{"cameraMode":{"drawMode":1,"name":"Wireframe","section":"Shading Mode"},"sceneLighting":true,"audioPlay":false,"sceneViewState":{"showFog":true,"showMaterialUpdate":false,"showSkybox":true,"showFlares":true,"showImageEffects":true,"showParticleSystems":true},"in2DMode":false,"pivot":{"x":0.2572343349456787,"y":1.2632780075073243,"z":-17.82949447631836},"rotation":{"x":-0.03298868611454964,"y":0.017989613115787507,"z":-0.0005938578397035599,"w":-0.9992936849594116},"size":22.0,"orthographic":false}